{
  "test_loss": 2.246870517730713,
  "test_accuracy": 0.48762667179107666,
  "test_top5_accuracy": 0.8055620789527893,
  "perplexity": 5.986229419708252
}